method,computeTime,error
Jacobi,44.126684,1.75249104594e-06
Jacobi-MG,14.075723,1.58831206818e-07
GS,28.083882,1.74474732047e-06
GS-MG,13.2874,7.11899761605e-07

