iter,converge
1,0.99197806723721293
2,0.74327833244014085
3,0.50030733123106752
4,0.31498790504611596
5,0.18795707696271802
6,0.10474040037186561
7,0.05318187832354633
8,0.024982867456380405
9,0.013363023555571344
10,0.010009542997677517
11,0.0079882354735406769
12,0.0058055932726459418
13,0.003791746952057428
14,0.0022343616161948866
15,0.0011853912588315554
16,0.00056575159831384202
