x,solution,exactSolution
0.0,0.0,0.0
0.14285714285714285,0.0051020408163265302,0.038248433752405914
0.2857142857142857,0.0051020408163265302,0.060783053379881338
0.42857142857142855,0.0051020408163265302,0.071139441423355806
0.5714285714285714,0.0051020408163265302,0.071139441423355793
0.71428571428571419,0.0051020408163265302,0.06078305337988138
0.8571428571428571,0.0051020408163265302,0.038248433752405914
1.0,0.0,0.0
